{
    "nodes": {
        "n1": {
            "x": 0,
            "y": 0,
            "locked": [
                0,
                0
            ]
        },
        "n2": {
            "x": 1000,
            "y": 0,
            "locked": [
                1000,
                0
            ]
        },
        "n3": {
            "x": 1000,
            "y": 1000,
            "locked": [
                1000,
                1000
            ]
        },
        "n4": {
            "x": 0,
            "y": 1000,
            "locked": [
                0,
                1000
            ]
        },
        "n5": {
            "x": 500,
            "y": 0,
            "locked": [
                [
                    0,
                    1000
                ],
                0
            ]
        },
        "n6": {
            "x": 750,
            "y": 0,
            "locked": [
                [
                    0,
                    1000
                ],
                0
            ]
        },
        "n7": {
            "x": 1000,
            "y": 500,
            "locked": [
                1000,
                [
                    0,
                    1000
                ]
            ]
        },
        "n8": {
            "x": 1000,
            "y": 250,
            "locked": [
                1000,
                [
                    0,
                    1000
                ]
            ]
        },
        "n9": {
            "x": 1000,
            "y": 125,
            "locked": [
                1000,
                [
                    0,
                    1000
                ]
            ]
        },
        "n10": {
            "x": 875,
            "y": 62.5,
            "locked": null
        },
        "n11": {
            "x": 636.0521850585938,
            "y": 353.54425048828125,
            "locked": null
        },
        "n12": {
            "x": 812.5,
            "y": 156.25,
            "locked": null
        },
        "n13": {
            "x": 365.6430358886719,
            "y": 1000,
            "locked": [
                [
                    0,
                    1000
                ],
                1000
            ]
        },
        "n14": {
            "x": 0,
            "y": 500,
            "locked": [
                0,
                [
                    0,
                    1000
                ]
            ]
        },
        "n15": {
            "x": 405.70361328125,
            "y": 399.32781982421875,
            "locked": null
        },
        "n16": {
            "x": 666.09765625,
            "y": 702.6439208984375,
            "locked": null
        },
        "n17": {
            "x": 242.5996856689453,
            "y": 678.3214111328125,
            "locked": null
        }
    },
    "edges": {
        "e5": {
            "n1": "n1",
            "n2": "n5"
        },
        "e7": {
            "n1": "n5",
            "n2": "n6"
        },
        "e8": {
            "n1": "n6",
            "n2": "n2"
        },
        "e10": {
            "n1": "n7",
            "n2": "n3"
        },
        "e12": {
            "n1": "n8",
            "n2": "n7"
        },
        "e13": {
            "n1": "n2",
            "n2": "n9"
        },
        "e14": {
            "n1": "n9",
            "n2": "n8"
        },
        "e17": {
            "n1": "n6",
            "n2": "n10"
        },
        "e18": {
            "n1": "n10",
            "n2": "n9"
        },
        "e19": {
            "n1": "n5",
            "n2": "n11"
        },
        "e20": {
            "n1": "n11",
            "n2": "n7"
        },
        "e22": {
            "n1": "n11",
            "n2": "n12"
        },
        "e23": {
            "n1": "n12",
            "n2": "n10"
        },
        "e24": {
            "n1": "n12",
            "n2": "n8"
        },
        "e25": {
            "n1": "n3",
            "n2": "n13"
        },
        "e26": {
            "n1": "n13",
            "n2": "n4"
        },
        "e27": {
            "n1": "n4",
            "n2": "n14"
        },
        "e28": {
            "n1": "n14",
            "n2": "n1"
        },
        "e32": {
            "n1": "n11",
            "n2": "n15"
        },
        "e33": {
            "n1": "n15",
            "n2": "n14"
        },
        "e34": {
            "n1": "n13",
            "n2": "n16"
        },
        "e35": {
            "n1": "n16",
            "n2": "n11"
        },
        "e36": {
            "n1": "n14",
            "n2": "n17"
        },
        "e37": {
            "n1": "n17",
            "n2": "n13"
        },
        "e38": {
            "n1": "n15",
            "n2": "n16"
        },
        "e39": {
            "n1": "n17",
            "n2": "n16"
        }
    },
    "polygons": {
        "poly1": {
            "name": "World",
            "edges": [
                "e8",
                "e13",
                "e17",
                "e18"
            ],
            "color": "rgba(0,0,0,0.1)",
            "link": "continent_1"
        },
        "poly2": {
            "name": "World (Split)",
            "edges": [
                "e26",
                "e27",
                "e36",
                "e37"
            ],
            "color": "rgba(0,0,0,0.1)",
            "link": "test_planete1"
        },
        "poly3": {
            "name": "World (Split) (Split)",
            "edges": [
                "e12",
                "e19",
                "e22",
                "e23",
                "e24"
            ],
            "color": "rgba(0,0,0,0.1)",
            "link": "test_planete1"
        },
        "poly4": {
            "name": "World (Split) (Split) (Split)",
            "edges": [
                "e20",
                "e7",
                "e17",
                "e22",
                "e23"
            ],
            "color": "rgba(0,0,0,0.1)",
            "link": "test_planete1"
        },
        "poly5": {
            "name": "World (Split) (Split) (Split)",
            "edges": [
                "e18",
                "e14",
                "e24"
            ],
            "color": "rgba(0,0,0,0.1)",
            "link": "continent_1"
        },
        "poly6": {
            "name": "World (Split) (Split)",
            "edges": [
                "e20",
                "e10",
                "e25",
                "e34",
                "e35"
            ],
            "color": "rgba(0,0,0,0.1)",
            "link": "test_planete1"
        },
        "poly7": {
            "name": "World (Split) (Split) (Split)",
            "edges": [
                "e28",
                "e5",
                "e19",
                "e32",
                "e33"
            ],
            "color": "rgba(0,0,0,0.1)",
            "link": "test_planete1"
        },
        "poly8": {
            "name": "World (Split) (Split) (Split) (Split)",
            "edges": [
                "e36",
                "e37",
                "e39"
            ],
            "color": "rgba(0,0,0,0.1)",
            "link": "continent_2"
        },
        "poly9": {
            "name": "World (Split) (Split) (Split) (Split) (Split)",
            "edges": [
                "e34",
                "e38"
            ],
            "color": "rgba(0,0,0,0.1)"
        },
        "poly10": {
            "name": "World (Split) (Split) (Split) (Split) (Split)",
            "edges": [
                "e32",
                "e33",
                "e38",
                "e35",
                "e39"
            ],
            "color": "rgba(0,0,0,0.1)",
            "link": "continent_2"
        }
    },
    "layers": {}
}