{
    "nodes": {
        "n1": {
            "x": 0,
            "y": 0,
            "locked": [
                0,
                0
            ]
        },
        "n2": {
            "x": 1000,
            "y": 0,
            "locked": [
                1000,
                0
            ]
        },
        "n3": {
            "x": 1000,
            "y": 1000,
            "locked": [
                1000,
                1000
            ]
        },
        "n4": {
            "x": 0,
            "y": 1000,
            "locked": [
                0,
                1000
            ]
        },
        "n5": {
            "x": 500,
            "y": 0,
            "locked": [
                [
                    0,
                    1000
                ],
                0
            ]
        },
        "n6": {
            "x": 1000,
            "y": 500,
            "locked": [
                1000,
                [
                    0,
                    1000
                ]
            ]
        },
        "n7": {
            "x": 1000,
            "y": 250,
            "locked": [
                1000,
                [
                    0,
                    1000
                ]
            ]
        },
        "n8": {
            "x": 750,
            "y": 0,
            "locked": [
                [
                    0,
                    1000
                ],
                0
            ]
        },
        "n9": {
            "x": 797.96484375,
            "y": 245.72560119628906,
            "locked": null
        },
        "n10": {
            "x": 573.6002197265625,
            "y": 535.5298461914062,
            "locked": null
        },
        "n11": {
            "x": 350.79376220703125,
            "y": 272.9921569824219,
            "locked": null
        },
        "n12": {
            "x": 937.5,
            "y": 187.5,
            "locked": null
        },
        "n13": {
            "x": 750,
            "y": 125,
            "locked": null
        }
    },
    "edges": {
        "e3": {
            "n1": "n3",
            "n2": "n4"
        },
        "e4": {
            "n1": "n4",
            "n2": "n1"
        },
        "e5": {
            "n1": "n1",
            "n2": "n5"
        },
        "e8": {
            "n1": "n6",
            "n2": "n3"
        },
        "e9": {
            "n1": "n2",
            "n2": "n7"
        },
        "e10": {
            "n1": "n7",
            "n2": "n6"
        },
        "e11": {
            "n1": "n5",
            "n2": "n8"
        },
        "e12": {
            "n1": "n8",
            "n2": "n2"
        },
        "e15": {
            "n1": "n8",
            "n2": "n9"
        },
        "e18": {
            "n1": "n10",
            "n2": "n6"
        },
        "e19": {
            "n1": "n5",
            "n2": "n11"
        },
        "e20": {
            "n1": "n11",
            "n2": "n10"
        },
        "e21": {
            "n1": "n9",
            "n2": "n12"
        },
        "e22": {
            "n1": "n12",
            "n2": "n7"
        },
        "e24": {
            "n1": "n11",
            "n2": "n13"
        },
        "e25": {
            "n1": "n13",
            "n2": "n9"
        },
        "e26": {
            "n1": "n10",
            "n2": "n13"
        },
        "e27": {
            "n1": "n12",
            "n2": "n10"
        }
    },
    "polygons": {
        "poly1": {
            "name": "World",
            "edges": [
                "e12",
                "e9",
                "e22",
                "e21",
                "e15"
            ],
            "color": "rgba(0,0,0,0.1)",
            "link": "teria"
        },
        "poly2": {
            "name": "World (Split)",
            "edges": [
                "e8",
                "e3",
                "e4",
                "e5",
                "e19",
                "e20",
                "e18"
            ],
            "color": "rgba(0,0,0,0.1)",
            "link": "teria"
        },
        "poly3": {
            "name": "World (Split) (Split)",
            "edges": [
                "e20",
                "e24",
                "e26"
            ],
            "color": "rgba(0,0,0,0.1)",
            "link": "teria"
        },
        "poly4": {
            "name": "World (Split) (Split) (Split)",
            "edges": [
                "e19",
                "e11",
                "e15",
                "e25",
                "e24"
            ],
            "color": "rgba(0,0,0,0.1)",
            "link": "teria"
        },
        "poly5": {
            "name": "World (Split) (Split) (Split)",
            "edges": [
                "e22",
                "e10",
                "e18",
                "e27"
            ],
            "color": "rgba(0,0,0,0.1)",
            "link": "continent_middle___south"
        },
        "poly6": {
            "name": "World (Split) (Split) (Split) (Split)",
            "edges": [
                "e26",
                "e25",
                "e21",
                "e27"
            ],
            "color": "rgba(0,0,0,0.1)",
            "link": "teria"
        }
    },
    "layers": {}
}